id,country,age,gender,ses,fses,religion,married,education,ethnicity,IGF01,IGF02,IGF03,IGI01,IGI02,IGI03,OGF01,OGF02,OGF03,OGI01,OGI02,OGI03,ENDBCL01,ENDBCL02,ENDBCL03,ENDBBL01,ENDBBL02,ENDBBL03,empathic_concern_01,empathic_concern_02,empathic_concern_03,perspective_taking_01,perspective_taking_02,perspective_taking_03,perspective_taking_04,event_positive_affect,event_negative_affect,event_episodic_recall_01,event_episodic_recall_02,event_shared_perception_01,event_shared_perception_02,event_reflection_01,event_reflection_02,event_transformative_indiv_01,event_transformative_indiv_02,event_transformative_group_01,event_transformative_group_02,religious_freedom_per_01,religious_freedom_per_02,religious_freedom_per_03,religious_freedom_per_04,religious_freedom_per_05,religious_freedom_per_06,religious_freedom_per_07,religious_freedom_per_08,religious_freedom_exp_01,religious_freedom_exp_02,religious_freedom_exp_03,religious_freedom_exp_04,religious_freedom_exp_05,religious_freedom_exp_06
GMB1,Gambia,50,Male,"",,"","","","",6,7,2,6,6,6,6,6,6,6,5,5,6,6,7,6,7,7,6,6,5,6,6,6,6,6,7,5,2,6,6,6,2,7,2,6,2,6,1,7,6,7,7,7,1,5,7,5,7,5,5
GMB2,Gambia,55,Male,Middle,2,Muslim: Sunni,Married,Seconary 4,Mandinka,7,7,7,7,7,6,1,2,3,1,2,1,7,6,5,1,1,2,7,1,7,7,6,5,4,1,7,3,4,7,4,2,2,1,1,7,1,7,1,7,7,7,7,,6,7,7,7,7,7,7
GMB3,Gambia,35,Male,Middle,2,Muslim: Sunni,Married,Higher Diploma in Education (HDC),Mandinka,7,,6,6,6,6,2,2,2,2,2,2,2,6,6,6,,6,6,6,6,6,6,6,5,7,1,5,6,4,4,3,3,7,2,7,1,2,2,6,6,6,6,6,6,7,7,7,7,7,7
GMB4,Gambia,66,Male,Upper,4,Muslim: Sunni,Married,"",Mandinka,7,7,7,7,6,7,5,1,1,1,1,2,7,7,7,1,7,1,7,1,7,7,7,6,6,2,7,7,7,5,5,7,7,7,1,6,4,7,2,7,7,7,7,6,6,1,7,7,4,1,1
GMB5,Gambia,31,Male,Middle,2,Muslim: Sunni,Married,Isachetovs Degree,Fula,6,7,5,6,6,7,2,2,1,3,5,5,7,6,6,5,6,4,6,6,6,6,5,6,5,2,5,5,4,6,6,3,2,5,2,6,1,6,3,7,6,6,6,6,7,7,7,7,6,7,7
GMB6,Gambia,24,Female,Middle,2,Muslim: Sunni,Unmarried,Diploma,Jola,5,4,4,6,6,6,2,2,2,6,6,6,6,5,6,6,2,5,7,7,7,7,7,1,1,6,1,4,6,6,3,6,2,6,2,6,2,6,6,6,5,2,6,6,6,7,7,7,7,7,7
GMB7,Gambia,27,Female,Middle,2,Muslim: Sunni,Married,WASSCE,Jola,7,6,4,6,7,6,4,2,2,3,2,2,6,2,6,6,6,6,6,6,1,2,2,2,2,5,2,6,6,7,6,5,2,6,2,6,3,6,6,6,6,2,6,6,6,7,7,7,7,7,7
GMB8,Gambia,29,Male,Upper middle,3,Muslim: Sunni,Married,Diploma in ICT,Jola,6,5,4,6,6,6,2,2,1,2,1,1,6,6,5,5,5,5,6,5,5,5,5,5,4,6,2,7,7,7,6,6,4,6,3,6,4,4,3,6,6,5,6,6,6,6,7,7,6,6,6
GMB9,Gambia,30,Male,Middle,2,Muslim: Sunni,Married,Diploma in Community Policing,Mandinka,6,5,4,6,6,6,2,2,2,2,2,2,6,6,6,5,5,5,7,6,6,6,6,6,5,5,6,5,6,6,6,3,3,5,3,6,3,6,2,6,6,6,6,6,6,6,6,6,6,6,6
GMB10,Gambia,22,Male,Middle,2,Muslim: Sunni,Unmarried,WASSCE,Mandinka,6,6,5,6,6,6,2,2,2,2,2,2,6,6,5,5,5,5,6,7,5,5,5,5,5,5,5,6,6,6,5,2,2,3,2,5,2,6,2,6,6,5,5,6,6,6,6,6,7,6,6
GMB11,Gambia,27,Female,Upper middle,3,Muslim: Sunni,Married,WASSCE,Wollof,7,7,6,7,7,7,1,1,1,1,1,1,7,7,7,6,6,6,6,7,5,6,6,6,6,5,5,6,6,6,6,2,2,3,2,6,1,6,2,6,5,5,5,5,5,7,7,7,7,7,7
GMB12,Gambia,18,Female,"",,Muslim: Sunni,Other,Senior Secondary,Mandinka,7,7,3,7,6,6,2,1,1,2,1,4,6,6,5,5,2,2,7,7,7,1,6,6,5,1,7,6,6,6,7,1,2,6,1,6,1,7,1,7,6,6,6,7,7,7,7,7,7,7,7
GMB13,Gambia,19,Female,Middle,2,Muslim: Sunni,Unmarried,Senior Secondary School,Bambra,2,6,6,6,7,7,2,2,2,6,2,2,6,7,6,,7,2,7,7,7,7,7,7,1,7,1,6,7,6,7,6,7,6,7,6,6,7,1,7,7,7,7,7,7,7,7,7,7,7,7
GMB14,Gambia,24,Male,Upper middle,3,Muslim: Sunni,Unmarried,Bachelors (ongoing),Mandinka,7,7,6,7,7,7,4,1,1,1,1,1,7,7,6,2,3,4,7,1,7,7,6,7,7,1,7,7,7,7,4,5,4,6,1,5,1,4,1,7,7,7,7,7,7,7,7,7,7,7,7
GMB15,Gambia,23,Male,Lower middle,1,Muslim: Sunni,Unmarried,Certificate in International Relation,Serehula,4,6,6,4,5,6,2,1,1,4,2,2,7,6,7,2,4,2,2,6,7,7,6,6,5,6,2,6,6,2,6,5,6,7,4,7,4,6,4,7,7,6,7,2,6,7,7,7,4,7,7
GMB16,Gambia,26,Female,Middle,2,Christian: Other,Unmarried,Certificate on Animal Health Product,Jola,7,6,4,6,6,6,2,2,2,1,1,1,1,2,6,6,6,6,5,6,6,5,5,5,5,2,2,6,2,6,6,6,6,6,6,7,5,7,2,7,5,5,5,6,6,5,7,7,7,5,5
GMB17,Gambia,63,Male,Middle,2,Muslim: Sunni,Married,Memorized the Quran (Informal Education),Fula,7,7,6,7,7,7,1,1,1,1,1,1,5,5,5,4,5,4,5,6,5,6,6,6,6,3,6,6,6,6,6,3,2,4,2,6,1,2,2,6,6,6,6,6,6,7,7,7,7,7,7
GMB18,Gambia,27,Male,Middle,2,Muslim: Sunni,Unmarried,Higher Teacher's Certificate (HTC),Mandinka,7,6,5,6,7,7,4,1,3,1,2,2,7,7,6,4,5,4,7,6,5,5,5,6,5,7,1,7,6,7,7,6,5,7,4,7,4,2,5,6,6,6,7,7,7,7,7,7,6,7,7
GMB19,Gambia,31,Male,Upper middle,3,Muslim: Sunni,Married,Higher Teacher's Certificate (HTC),Mandinka,7,5,4,7,7,7,1,1,2,1,1,1,7,7,6,5,5,5,6,6,5,4,4,5,5,6,2,7,7,7,7,4,3,7,3,7,5,6,2,7,6,6,6,6,6,7,7,7,7,7,7
GMB20,Gambia,59,Male,Middle,2,Muslim: Sunni,Married,Form 3 (Old education System),Jola,7,7,5,6,6,6,2,2,2,3,2,2,5,6,6,6,6,6,6,6,6,6,6,6,6,6,5,6,6,5,5,3,3,4,3,6,3,6,2,7,7,7,7,7,7,7,7,6,5,7,7
GMB21,Gambia,49,Female,Upper middle,3,Muslim: Sunni,Married,Form 5 (Old education System),Mandinka,7,7,7,6,6,6,1,2,2,2,2,2,7,7,7,6,6,6,7,6,6,6,6,6,6,7,7,7,7,7,7,5,4,6,4,7,4,6,2,6,6,6,6,7,7,7,7,7,6,7,7
GMB22,Gambia,26,Female,Middle,2,Muslim: Sunni,Unmarried,Advance Diploma in Management,Mandinka,7,7,5,6,6,6,2,2,2,2,2,2,7,7,7,5,6,5,6,6,6,6,6,7,7,7,6,6,6,6,6,5,4,5,3,7,5,5,2,7,7,7,7,7,7,7,7,7,5,7,7
GMB23,Gambia,38,Female,Upper middle,3,Muslim: Sunni,Married,Advance Diploma in Management,Fula,7,7,7,7,7,7,3,3,1,1,1,1,7,7,6,5,5,6,7,7,7,7,7,7,7,6,5,6,6,7,6,5,3,7,3,6,3,6,1,7,7,7,7,6,6,7,7,7,6,7,7
GMB24,Gambia,58,Male,Middle,2,Muslim: Sunni,Married,Quranic High School Graduate,Mandinka,7,7,7,7,7,7,1,1,1,1,1,1,6,5,5,4,5,4,7,7,6,7,7,7,7,3,5,6,6,6,6,2,3,5,1,6,1,1,2,7,7,7,7,7,7,7,7,7,7,7,7
GMB25,Gambia,36,Female,Middle,2,Muslim: Sunni,Married,WASSCE,Mandinka,7,7,6,6,6,6,1,1,1,1,1,1,7,7,6,5,5,5,7,7,7,7,7,6,6,6,5,6,6,6,6,2,2,5,1,6,1,7,1,7,7,7,7,7,7,7,7,6,6,7,7
GMB26,Gambia,,Male,Middle,2,Muslim: Sunni,Married,Senior Secondary School,Mandinka,3,7,6,4,5,6,3,1,2,4,3,3,2,6,2,1,5,7,2,5,2,3,3,2,1,6,5,5,7,7,2,4,5,6,2,7,4,5,1,6,5,6,3,7,4,4,7,1,3,4,4
GMB27,Gambia,26,Female,Upper,4,Muslim: Sunni,Married,Senior Secondary School,Mandinka,7,7,7,6,7,7,1,1,6,1,2,2,7,7,7,7,6,2,7,4,6,7,7,7,5,2,7,7,7,7,7,6,4,6,7,6,1,7,2,7,7,7,7,1,7,7,7,7,7,7,7
GMB28,Gambia,21,Male,Middle,2,Muslim: Sunni,Other,Senior Secondary School,Mandinka,6,7,3,7,6,7,2,1,1,1,1,4,4,5,7,1,1,1,7,7,7,2,7,6,4,1,7,7,6,6,7,1,2,6,1,6,1,5,2,6,7,7,7,7,6,7,7,7,7,7,7
GMB29,Gambia,50,Male,Middle,2,Muslim: Sunni,Married,University,Mandinka,7,7,3,7,7,6,2,1,1,1,1,4,7,7,5,1,1,1,7,7,7,1,6,6,5,1,7,7,6,7,6,2,1,6,1,6,1,4,4,6,7,7,7,6,6,7,7,7,7,7,7
GMB30,Gambia,67,Male,Middle,2,Muslim: Sunni,Married,Quranic School,Mandinka,7,7,6,6,7,7,1,1,1,1,1,1,6,6,6,5,6,5,6,5,5,7,7,7,7,3,5,6,6,6,5,5,3,6,3,6,3,2,2,7,7,7,7,7,7,7,7,7,7,7,7
GMB31,Gambia,56,Male,Middle,2,Muslim: Sunni,Married,Higher Teacher's Certificate (HTC),Wollof,6,6,5,6,6,6,2,2,2,2,2,2,7,7,7,5,3,3,5,3,5,6,6,6,6,6,6,6,6,6,5,5,5,6,6,6,5,5,2,6,6,6,6,6,6,7,7,6,6,7,7
GMB32,Gambia,39,Female,Middle,2,Muslim: Sunni,Married,WASSCE,Mandinka,7,7,5,6,6,6,2,2,2,2,2,2,7,7,7,6,6,6,7,6,6,5,5,5,5,6,5,7,7,7,7,5,5,5,4,6,4,6,1,7,7,7,7,7,7,7,7,7,7,7,7
GMB33,Gambia,61,Male,Upper middle,3,Muslim: Sunni,Married,Form 3 (Old education System),Wollof,7,7,6,6,6,6,2,2,2,2,2,2,6,6,6,5,4,5,6,6,6,6,6,6,6,6,5,7,7,7,7,6,5,7,5,7,5,6,2,6,6,6,6,6,6,6,6,6,6,6,6
GMB34,Gambia,54,Female,Upper middle,3,Muslim: Sunni,Married,Form 5 (Old education System),Mandinka,7,7,6,7,7,7,2,2,2,2,2,2,7,7,7,5,6,5,6,6,5,5,5,5,5,6,5,7,7,7,7,6,5,6,5,7,4,3,2,6,6,6,6,6,6,7,7,6,6,7,7
GMB35,Gambia,31,Male,Middle,2,Muslim: Sunni,Married,BSc in Political Science,Fula,7,7,5,7,7,7,1,1,1,1,1,1,6,6,6,6,6,6,5,5,6,6,6,6,6,3,5,6,6,6,6,6,5,7,5,7,5,6,1,7,7,6,6,7,7,7,7,7,7,7,7
GMB36,Gambia,31,Male,Lower middle,1,Muslim: Sunni,Married,Primary Teacher's Certificate (PTC),Jola,7,7,6,7,7,7,1,1,1,2,2,2,7,7,6,6,6,6,7,7,7,5,5,5,5,6,5,6,6,6,6,4,4,5,4,6,4,5,3,6,6,6,6,6,6,7,7,6,5,7,7
GMB37,Gambia,34,Female,Middle,2,Muslim: Sunni,Married,Diploma in Management,Mandinka,7,7,6,6,6,6,4,4,4,3,4,3,7,7,5,3,4,3,6,5,5,5,5,5,5,6,2,6,6,6,5,3,3,4,3,6,3,5,3,6,6,6,5,5,5,6,7,6,7,6,6
GMB38,Gambia,28,Male,Middle,2,Christian: Catholic,Unmarried,Diploma in ICT,Jola,7,7,6,7,7,7,2,2,2,2,2,2,6,6,6,6,6,6,4,5,5,5,5,5,5,6,3,5,5,5,5,2,2,4,2,5,3,2,5,6,6,5,5,5,6,7,7,7,7,7,7
GMB39,Gambia,28,Male,Lower middle,1,Muslim: Sunni,Unmarried,Higher Teacher's Certificate (HTC),Jola,6,6,4,6,6,6,2,2,2,3,2,2,5,5,5,4,4,4,6,6,5,7,7,7,7,4,5,5,5,5,5,3,3,4,3,5,3,7,1,7,7,7,7,7,7,7,7,7,7,7,7
GMB40,Gambia,24,Male,Middle,2,Muslim: Sunni,Unmarried,WASSCE,Mandinka,6,6,5,6,6,6,3,2,2,2,2,2,5,5,5,3,4,3,7,6,6,6,6,7,7,4,5,5,5,5,5,3,3,4,3,5,3,6,2,6,6,6,6,6,6,7,7,6,6,7,7
GMB41,Gambia,26,Male,Middle,2,Muslim: Sunni,Unmarried,Advance Diploma in Nursing,Fula,6,5,4,6,6,6,2,2,2,2,2,2,5,5,5,4,4,4,6,6,6,7,7,7,7,3,6,6,6,6,6,2,2,4,2,6,4,6,2,7,7,7,7,7,7,7,7,5,6,7,7
GMB42,Gambia,28,Male,Middle,2,Christian: Other,Unmarried,Advance Diploma in Tourism Management,Fula,6,5,4,6,6,6,2,2,2,3,3,2,5,5,5,4,4,4,6,6,5,6,6,5,5,6,5,5,5,5,5,3,5,4,3,5,3,5,3,6,6,6,6,6,6,7,7,7,7,7,7
GMB43,Gambia,44,Female,Middle,2,Christian: Catholic,Married,WASSCE,Manjago,7,7,5,6,6,6,1,1,1,1,1,1,6,6,6,3,5,3,6,5,6,6,6,6,6,6,2,7,7,7,7,5,5,5,3,7,3,7,1,7,7,7,7,7,7,7,7,7,6,7,7
GMB44,Gambia,47,Male,Upper middle,3,Muslim: Sunni,Married,Higher Teacher's Certificate (HTC),Mandinka,7,7,6,6,6,6,3,2,2,3,3,3,5,5,5,3,5,3,5,3,5,5,5,5,5,7,6,6,6,6,5,2,2,5,2,6,3,7,1,7,7,7,7,7,7,7,7,7,7,7,7
GMB45,Gambia,20,Female,Upper middle,3,Muslim: Sunni,Unmarried,Senior Secondary School,Wollof,7,7,7,7,6,6,2,1,1,1,3,2,7,7,6,1,1,1,7,3,7,7,6,7,7,1,7,7,7,6,6,7,7,7,1,7,1,7,1,7,7,7,7,5,1,7,7,7,7,7,7
GMB46,Gambia,25,Male,Middle,2,Muslim: Sunni,Unmarried,College,Jola,7,7,1,7,6,7,1,1,1,1,1,1,7,1,1,7,7,7,7,7,7,6,6,6,5,7,1,7,7,4,7,2,1,5,3,4,1,2,7,6,7,7,7,5,3,7,7,6,7,7,7
GMB47,Gambia,23,Male,Middle,2,Muslim: Sunni,Unmarried,"",Jola,7,7,4,6,6,6,1,1,1,2,3,1,7,6,1,7,7,1,7,5,6,7,7,6,7,1,7,7,6,4,4,2,1,1,1,1,1,7,2,7,6,7,6,4,4,7,7,6,7,7,7
GMB48,Gambia,28,Female,Upper middle,3,Muslim: Sunni,Married,Secondary School,Wollof,7,7,7,7,7,7,1,1,1,1,1,1,7,7,4,1,7,4,7,2,7,6,7,7,6,5,3,4,6,4,4,1,1,6,1,6,1,7,2,7,7,7,7,7,7,7,7,4,5,7,7
GMB49,Gambia,32,Male,Upper middle,3,Muslim: Sunni,Unmarried,BSc in Economica,Mandinka,6,5,3,6,6,6,2,2,2,2,2,2,7,7,7,3,4,3,7,7,7,7,7,6,6,5,3,5,5,5,5,3,2,4,2,5,2,7,1,7,7,7,7,7,7,7,7,7,7,7,7
GMB50,Gambia,33,Male,Middle,2,Muslim: Sunni,Married,B.S.C,Fula,6,6,6,6,7,7,3,2,2,2,5,2,6,7,6,5,5,5,6,7,6,6,5,6,5,2,6,5,6,6,6,3,3,6,2,6,1,6,1,6,6,6,7,6,7,7,7,6,5,7,7
GMB51,Gambia,32,Male,Middle,2,Muslim: Sunni,Married,Masters Degree,Mandinka,7,5,6,6,6,6,2,2,2,2,2,2,7,6,6,7,2,6,6,6,6,6,6,6,6,2,6,6,6,6,6,2,2,6,4,6,4,6,2,6,6,6,6,6,6,7,7,7,7,7,7
GMB52,Gambia,40,Male,Lower middle,1,Muslim: Sunni,Married,High School,Wollof,7,7,5,7,7,7,7,1,1,2,6,1,7,7,7,7,7,7,7,7,7,7,7,7,6,7,7,5,6,6,6,6,7,6,7,7,7,1,1,7,7,7,7,7,7,7,7,7,7,7,7
GMB53,Gambia,,Male,Lower middle,1,Muslim: Sunni,Married,Diploma,Mandinka,5,2,5,7,6,6,4,1,1,2,2,2,5,4,4,2,2,2,7,7,7,5,6,5,5,3,2,,2,6,5,2,1,7,1,7,1,5,3,7,4,4,7,5,5,7,7,7,7,7,7
GMB54,Gambia,28,Male,Lower middle,1,Muslim: Sunni,Married,Primary School,Jola,7,6,5,6,6,7,6,2,2,2,4,5,6,6,6,6,7,7,6,7,5,6,5,6,4,2,6,6,6,6,6,5,2,,2,6,2,6,1,6,6,6,6,7,7,7,7,7,4,7,7
GMB55,Gambia,28,Male,Lower middle,1,Muslim: Sunni,Married,Primary School,Jola,7,6,5,6,6,7,6,2,2,2,5,6,6,6,6,6,7,7,6,7,5,6,5,6,4,2,6,6,6,6,6,5,2,6,2,6,2,6,1,6,6,6,6,7,7,7,7,7,4,7,7
GMB56,Gambia,34,Male,Lower middle,1,"",Unmarried,Senior Secondary School,Mandinka,2,6,5,6,6,6,2,6,3,3,6,5,5,5,5,6,2,2,7,7,7,7,7,5,1,5,1,4,2,2,6,4,4,4,4,7,1,6,6,6,6,6,6,7,2,7,7,7,7,7,7
GMB57,Gambia,22,Male,Middle,2,Muslim: Sunni,Unmarried,Senior Secondary School,Fula,7,5,2,6,5,6,6,1,1,1,2,1,7,7,6,6,2,4,7,4,5,6,7,7,7,7,1,6,5,4,4,4,2,6,1,7,1,7,4,6,3,6,7,7,1,7,7,2,1,7,7
GMB58,Gambia,40,Male,Upper,4,Muslim: Sunni,Married,BSc in Education,Mandinka,7,6,6,7,7,6,2,1,1,2,1,1,7,6,7,3,7,2,7,6,4,1,6,2,6,1,7,5,6,4,4,4,6,7,5,7,1,1,3,7,6,7,4,5,6,7,6,5,7,7,7
GMB59,Gambia,54,Male,Upper middle,3,Muslim: Sunni,Married,University,Mandinka,7,7,7,7,7,7,1,1,1,1,1,1,7,3,5,6,6,4,7,7,7,7,7,7,4,1,7,7,6,7,4,3,2,7,1,6,1,5,3,7,7,7,7,7,1,7,7,7,7,7,7
GMB60,Gambia,53,Female,Upper middle,3,Muslim: Sunni,Married,Form 4,Wollof,7,7,5,7,7,7,1,1,1,1,1,2,7,6,6,7,6,6,7,5,7,5,5,3,6,1,7,6,7,6,7,2,1,1,1,6,1,7,2,7,5,6,7,2,4,7,6,5,5,7,7
GMB61,Gambia,19,Male,Middle,2,Christian: Protestant,Unmarried,Secondary School,Jola,7,6,7,6,7,7,1,2,1,1,2,3,7,6,7,5,5,4,7,2,4,6,4,5,6,6,2,6,5,7,6,5,3,7,2,6,1,7,2,7,7,6,7,4,3,7,6,5,7,7,7
GMB62,Gambia,33,Female,Upper middle,3,Muslim: Sunni,Married,Senior Secondary School,Wollof,7,7,7,6,5,6,1,1,1,1,1,1,7,6,4,6,6,7,7,2,7,5,6,6,5,1,7,6,7,7,7,7,6,7,1,7,1,4,6,7,7,7,6,2,1,7,7,7,5,7,7
GMB63,Gambia,60,Male,Upper,4,Muslim: Sunni,Married,Form 6,Mandinka,7,7,7,7,7,6,1,1,1,1,1,1,7,6,1,1,5,1,7,6,7,3,5,7,7,1,7,6,7,7,7,7,4,7,6,7,7,7,2,1,7,7,6,4,4,7,7,6,6,7,7
GMB64,Gambia,38,Female,Upper middle,3,Muslim: Sunni,Married,University,Mandinka,5,4,2,5,5,5,2,1,1,2,2,1,7,4,5,7,7,6,7,6,6,4,6,5,3,5,1,7,7,4,4,1,1,2,1,4,1,4,5,7,7,6,7,1,1,7,6,3,3,7,7
GMB65,Gambia,57,Male,Upper,4,Muslim: Sunni,Married,Traditional Quranic Schools,Fula,7,7,7,7,7,7,1,1,1,1,1,1,7,6,7,5,5,5,6,2,5,4,2,6,4,2,6,7,7,6,6,3,2,1,1,3,2,3,7,6,7,7,7,4,4,7,7,7,3,7,7
GMB66,Gambia,47,Male,Middle,2,Muslim: Sunni,Unmarried,Grade 8 ( Upper Basic),Mandinka,7,7,7,6,7,7,1,1,1,2,1,1,6,6,7,2,7,2,7,7,6,7,6,7,7,1,6,7,6,7,7,2,1,7,1,7,5,1,1,6,6,7,6,7,1,7,7,7,7,7,7
GMB67,Gambia,24,Male,Lower middle,1,Muslim: Sunni,Unmarried,Certificate in Management Studies,Mandinka,7,7,6,4,7,6,4,1,1,4,2,2,7,6,4,7,6,4,2,6,7,6,6,6,6,2,6,6,7,7,6,6,6,6,6,7,4,6,6,6,4,6,7,7,6,7,7,7,7,7,7
GMB68,Gambia,20,Female,Upper middle,3,Christian: Catholic,Unmarried,High School,Balanta,7,7,1,7,7,6,2,1,1,3,4,4,7,2,1,1,6,1,7,7,6,3,4,5,2,1,7,7,7,7,6,7,7,7,4,7,1,1,7,7,7,7,7,1,1,7,7,5,5,7,7
GMB69,Gambia,47,Male,Middle,2,Muslim: Sunni,Married,Tertiary Education,Mandinka,7,7,7,6,6,6,6,6,6,5,5,5,7,7,7,7,5,5,7,1,7,7,7,7,7,2,7,5,6,7,7,4,4,1,1,5,1,7,1,7,7,7,7,7,7,2,7,7,7,2,2
GMB70,Gambia,49,Female,Middle,2,Muslim: Sunni,Married,Primary School,Mandinka,6,6,6,6,6,6,6,6,6,6,6,6,7,7,7,7,6,6,7,1,7,7,7,7,7,6,6,6,6,6,6,6,6,6,6,6,2,7,1,7,7,7,7,7,7,7,7,7,7,7,7
GMB71,Gambia,74,Male,Lower middle,1,Muslim: Sunni,Married,Junior Sec School,Mandinka,6,6,5,6,6,6,6,4,4,6,6,6,7,7,7,7,5,5,7,1,7,7,7,7,7,1,7,6,6,6,6,6,6,1,2,7,2,6,1,7,7,7,7,7,7,7,7,7,7,7,7
GMB72,Gambia,29,Male,Middle,2,Christian: Catholic,Unmarried,Bachelor in Business Administration,Aku,7,6,4,7,7,7,7,6,6,6,6,6,7,6,5,7,7,7,7,7,7,6,7,7,6,1,6,6,7,7,7,6,4,7,1,6,4,6,1,7,7,7,7,7,7,3,7,2,2,3,3
GMB73,Gambia,30,Male,Upper middle,3,Muslim: Sunni,Married,BSc in Human Resource,Jola,7,7,7,7,7,7,7,7,7,7,7,7,6,7,7,,6,6,2,6,7,7,7,7,7,1,7,6,6,7,7,7,7,7,3,7,4,6,2,7,6,7,7,7,7,1,7,5,5,1,1
GMB74,Gambia,31,Male,Upper middle,3,Christian: Catholic,Married,BSc in Economic,Mandinka,7,7,7,7,7,7,7,7,7,7,7,7,6,6,5,5,6,5,,,,6,6,,6,1,7,6,6,7,7,2,5,7,,7,,7,1,7,7,7,7,7,7,2,7,7,3,2,2
GMB75,Gambia,40,Male,Middle,2,Muslim: Sunni,Married,Bsc,Mandinka,6,4,4,7,6,6,2,1,1,2,5,2,7,7,7,6,5,3,6,7,5,4,6,4,2,2,2,7,1,7,7,,4,1,1,6,1,5,3,7,6,5,6,5,5,7,7,7,4,7,7
GMB76,Gambia,52,Male,Middle,2,Muslim: Sunni,Married,BSc in Accounting,Mandinka,6,6,6,6,6,6,5,5,5,5,5,5,7,7,7,7,5,5,7,1,7,7,7,7,7,2,7,4,4,7,6,4,5,1,1,6,1,7,1,7,7,7,7,6,6,7,7,7,7,7,7
GMB77,Gambia,30,Male,Middle,2,Muslim: Sunni,Married,Diploma in Management,Wollof,6,6,5,6,6,6,1,1,1,2,1,1,6,6,6,2,3,2,6,6,6,6,6,6,7,6,5,6,5,6,6,4,4,6,4,7,4,6,2,6,6,6,6,7,7,7,7,7,7,7,7
GMB78,Gambia,26,Female,Lower middle,1,Muslim: Sunni,Unmarried,WASSCE,Mandinka,7,7,5,7,7,7,2,2,2,1,1,1,6,6,6,6,6,6,7,7,6,6,6,6,6,6,5,6,6,6,5,5,4,5,4,6,4,6,2,6,6,6,6,7,7,7,7,7,7,7,7
GMB79,Gambia,32,Male,Middle,2,Muslim: Sunni,Married,"",Jola,6,5,5,6,6,6,2,2,2,,3,2,5,5,5,4,4,4,6,5,6,6,6,6,6,4,5,6,6,5,5,5,3,4,2,5,2,5,2,6,6,6,6,6,6,7,7,7,7,7,7
GMB80,Gambia,27,Male,Middle,2,Muslim: Sunni,Married,WASSCE,Mandinka,6,6,5,6,6,6,2,2,2,3,3,3,6,6,6,5,5,5,6,6,5,5,5,6,6,6,3,6,6,5,5,3,3,5,3,5,3,5,2,6,6,6,6,7,7,6,7,7,7,6,6
GMB81,Gambia,26,Female,Middle,2,Christian: Catholic,Unmarried,WASSCE,Jola,6,6,5,7,7,7,1,1,1,1,1,1,7,7,7,5,5,5,7,7,7,6,6,6,6,5,4,5,5,5,5,2,2,4,1,5,1,6,2,6,6,6,6,6,6,7,7,6,6,7,7
GMB82,Gambia,39,Male,Upper middle,3,Muslim: Sunni,Married,Undergraduate Degree in Communications,Fula,7,5,4,6,6,6,2,2,2,2,2,2,6,6,6,5,5,5,6,6,6,6,6,6,6,6,5,6,6,5,5,2,2,4,2,5,2,6,2,7,7,6,7,6,6,7,7,7,7,7,7
GMB83,Gambia,28,Female,Middle,2,Muslim: Sunni,Married,WASSCE,Jola,6,5,4,6,6,6,1,1,1,2,2,2,5,5,5,5,6,5,6,6,6,5,5,5,5,5,6,6,6,5,5,2,1,4,2,5,1,6,2,6,6,6,6,6,6,7,7,7,6,7,7
GMB84,Gambia,47,Male,Middle,2,Muslim: Sunni,Married,Higher Teacher Certificate (HTC),Fula,6,5,4,6,6,6,2,2,2,2,2,2,6,6,6,4,5,4,7,7,5,5,5,5,5,5,5,6,6,6,5,3,2,3,2,5,3,5,3,6,6,6,6,6,6,6,6,6,6,6,6
GMB85,Gambia,34,Male,Upper middle,3,Christian: Other,Unmarried,LLB,Manjago,7,7,6,6,6,6,3,2,2,2,2,2,7,7,7,6,7,6,7,6,6,5,5,6,6,6,2,6,6,6,6,5,4,6,4,6,4,6,2,6,6,6,6,7,7,7,7,7,7,7,7
GMB86,Gambia,21,Male,Middle,2,Muslim: Sunni,Unmarried,High School (WASSCE),Jola,7,6,6,5,5,7,6,6,5,6,5,5,7,7,6,4,4,4,6,6,4,7,7,6,4,2,5,5,6,5,6,5,3,6,4,5,4,6,4,7,6,6,6,6,4,7,7,7,7,7,7
GMB87,Gambia,26,Male,Middle,2,Muslim: Sunni,Unmarried,Higher Teacher Certificate (HTC),Fula,7,5,5,6,6,6,1,1,1,2,2,1,6,6,6,3,3,3,6,7,6,6,7,7,7,7,6,7,7,7,7,3,3,5,3,7,4,7,1,7,7,7,7,7,7,7,7,6,7,7,7
GMB88,Gambia,36,Male,Middle,2,Muslim: Sunni,Married,GCE Level(WASSCE),Jola,6,5,4,6,6,5,4,6,3,5,4,5,6,5,7,5,2,3,7,7,6,7,6,7,4,2,6,5,6,5,6,5,3,6,4,5,3,7,2,6,6,6,5,7,7,5,7,6,5,5,5
GMB89,Gambia,42,Female,Middle,2,Muslim: Sunni,Married,Form 3 (Old Education System),Mandinka,7,7,7,7,7,7,1,1,1,1,1,1,7,7,7,5,5,5,6,4,5,5,5,5,5,7,6,7,7,7,7,5,3,5,3,6,3,6,2,6,5,5,5,7,7,7,7,7,7,7,7
GMB90,Gambia,34,Male,Lower middle,1,Christian: Catholic,Unmarried,BSc in Management,Manjanko,6,4,4,5,5,6,5,5,4,5,5,5,7,7,7,7,5,5,7,1,7,7,7,7,7,1,7,5,6,7,7,4,4,2,2,7,2,6,1,7,7,7,7,7,7,7,7,7,7,7,7
GMB91,Gambia,41,Male,Middle,2,Muslim: Sunni,Married,Tertiary Education,Mandinka,6,6,6,6,6,6,5,5,4,4,4,4,7,7,7,7,6,6,7,1,7,7,7,7,7,5,7,5,5,4,4,4,4,2,2,7,5,7,1,7,7,7,7,7,7,7,7,7,7,7,7
GMB92,Gambia,36,Male,Middle,2,Muslim: Sunni,Married,BSc (Arabic Education),Mandinka,7,6,6,6,7,7,1,2,2,2,1,1,6,7,6,2,6,2,7,7,5,5,6,6,5,1,7,5,5,7,7,4,1,6,1,7,1,3,3,6,6,7,6,6,1,7,7,7,6,7,7
GMB93,Gambia,44,Male,Middle,2,Muslim: Sunni,Married,Bachelors of Edu.,Mandinka,5,7,1,4,5,5,3,4,2,5,5,6,4,6,5,5,4,4,6,6,5,2,2,6,6,7,1,6,6,6,6,1,7,,1,1,1,6,2,4,5,6,7,2,5,1,3,4,,1,1
GMB94,Gambia,29,Male,Middle,2,Muslim: Other,Unmarried,"",Jola,6,5,4,7,6,6,6,2,4,2,4,4,6,5,7,4,2,2,2,7,6,6,5,6,5,6,4,7,7,6,7,7,4,7,6,7,3,9,2,6,2,5,7,7,7,5,7,7,4,5,5
GMB95,Gambia,30,Female,Middle,2,Muslim: Sunni,Married,Diploma in Travel and Tourism,Fula,6,7,6,6,7,6,6,7,5,5,4,4,7,7,5,5,7,4,6,1,6,5,5,6,6,5,7,7,6,7,7,6,6,6,6,7,6,6,5,7,7,6,6,6,6,2,3,4,4,2,2
GMB96,Gambia,45,Male,Middle,2,Muslim: Sunni,Married,O Level,Jola,7,6,4,4,5,5,5,,1,4,4,4,1,6,7,1,7,4,7,2,7,7,6,6,6,2,7,6,6,6,5,6,6,6,2,6,2,7,3,6,6,6,7,6,6,3,4,4,4,3,3
GMB97,Gambia,35,Male,Middle,2,Muslim: Sunni,Married,WASSCE,Jola,6,,7,6,6,7,2,6,4,4,6,6,6,7,7,6,5,2,7,2,6,6,7,7,7,7,6,4,6,6,6,6,7,6,6,7,6,6,2,7,7,7,7,7,7,1,1,6,1,1,1
GMB98,Gambia,56,Male,Middle,2,Muslim: Sunni,Married,Senior Secondary(WASSCE Certificate),Wollof,7,4,3,5,6,6,7,4,3,4,4,6,5,4,6,5,6,6,4,5,7,6,4,7,7,6,4,7,6,7,6,6,5,7,7,5,4,1,6,7,4,6,7,7,7,5,7,7,6,5,5
GMB99,Gambia,60,Male,Lower middle,1,Christian: Catholic,Married,O Level,Manlago,6,,6,5,5,6,3,4,6,5,5,5,7,6,6,6,7,1,6,1,7,7,7,7,7,1,7,7,7,7,7,6,6,6,2,6,1,6,3,7,7,7,7,6,6,2,2,3,3,2,2
GMB100,Gambia,53,Male,Lower middle,1,Muslim: Sunni,Married,Ordinary Levels,Serehuleh,7,7,7,7,7,7,7,2,2,1,5,5,7,6,4,2,4,2,7,7,7,7,6,6,7,7,7,6,5,2,3,,2,5,2,6,2,1,1,7,7,7,7,1,7,7,7,7,7,7,7
GMB101,Gambia,24,Male,Middle,2,Muslim: Sunni,Unmarried,Secondary,Fula,5,6,6,7,7,6,2,2,2,1,1,2,1,7,6,7,2,2,4,6,6,6,6,6,4,7,7,6,6,6,5,5,1,,1,1,1,2,2,6,6,6,4,4,3,5,7,4,4,5,5
GMB102,Gambia,49,Male,Middle,2,Christian: Catholic,Married,University Degree,Wollof,6,7,2,6,6,6,6,6,6,6,5,5,6,6,7,6,7,7,6,6,5,6,6,6,6,5,5,5,2,5,5,6,6,1,1,6,2,6,1,7,6,7,7,7,1,5,7,,7,5,5
GMB103,Gambia,32,Male,Middle,2,Muslim: Sunni,Married,Bachelor's Degree,Bambara/ Mandinka,4,3,4,3,4,5,3,4,2,4,6,6,1,6,5,2,4,3,7,7,5,6,6,7,4,5,4,6,6,5,,5,2,4,2,4,1,7,4,7,6,6,4,6,4,3,7,7,7,3,3
GMB104,Gambia,40,Male,Middle,2,Muslim: Sunni,Married,Bachelor's Degree,Jola,7,6,4,6,6,6,6,4,4,6,6,6,7,7,7,7,6,6,7,1,7,6,6,6,6,4,1,4,4,4,4,6,7,7,4,6,4,7,1,7,7,7,7,7,7,1,7,6,7,1,1
GMB105,Gambia,50,Male,Middle,2,Christian: Other,Married,Diploma in Theology,"",,6,6,5,5,6,5,,,5,5,5,2,5,6,6,4,2,6,2,7,7,7,6,6,2,7,7,7,7,7,7,7,7,7,7,2,7,2,6,6,6,5,5,6,3,3,3,3,3,3
GMB106,Gambia,,"","",,"","","","",6,7,6,6,6,6,2,2,2,2,2,2,6,7,7,6,6,6,6,1,6,7,6,6,6,6,6,6,6,7,7,6,6,6,7,6,7,6,2,6,6,7,7,7,7,1,7,2,5,1,1
GMB107,Gambia,28,Female,Lower middle,1,Muslim: Sunni,Unmarried,Tertiary,"",6,6,6,6,6,6,5,5,5,5,5,5,7,7,7,7,6,6,7,1,7,7,7,7,7,5,6,5,5,7,7,2,2,2,2,2,2,6,1,7,7,7,7,7,7,7,7,7,7,7,7
GMB108,Gambia,34,Male,Middle,2,Muslim: Sunni,Married,Gambia College (PTC),Mandinka,6,7,2,7,6,6,2,1,1,2,2,2,1,6,7,2,2,2,6,6,6,6,6,6,6,2,6,2,7,7,7,2,1,7,2,6,2,4,2,6,6,6,6,6,6,7,7,7,7,7,7
GMB109,Gambia,24,Male,Lower middle,1,Muslim: Sunni,Unmarried,HTC Primary,Mandinka,7,7,7,2,6,6,1,2,2,2,5,6,7,7,6,6,6,7,3,3,7,5,6,6,7,1,7,7,6,6,6,5,6,7,5,6,6,6,1,7,6,6,6,7,7,4,7,6,3,4,4
GMB110,Gambia,61,Male,Upper middle,3,Muslim: Sunni,Married,Form 5 (Old Education System),Mandinka,6,5,5,6,6,6,3,3,3,2,2,2,6,6,6,5,5,5,6,6,6,6,6,6,6,4,5,5,5,6,6,2,1,3,2,5,3,3,1,7,7,7,7,7,7,7,7,7,7,7,7
GMB111,Gambia,44,Male,Upper middle,3,Muslim: Sunni,Married,Bachelor's Degree,Jola,6,6,5,6,6,6,3,2,2,2,6,2,6,6,6,6,6,5,6,6,6,6,6,6,6,2,6,2,6,6,6,2,2,6,2,6,2,6,2,6,6,6,6,6,6,7,7,7,7,7,7
GMB112,Gambia,37,Male,Middle,2,Christian: Catholic,Unmarried,"",Manjago,6,6,6,6,7,6,7,6,6,6,6,4,2,1,2,6,6,6,6,6,4,,6,6,6,2,6,6,6,6,6,6,6,6,6,6,6,6,2,6,6,6,6,6,6,7,7,7,7,7,7
GMB113,Gambia,55,Male,Upper middle,3,Muslim: Sunni,Married,Primary Teacher Certificate (PTC),Jola,7,6,6,7,7,7,5,1,1,2,1,1,2,6,6,6,6,7,6,7,6,7,6,6,6,1,7,6,2,7,7,6,7,6,2,7,6,1,1,7,7,7,7,7,7,7,7,7,7,7,7
GMB114,Gambia,90,Female,Lower middle,1,Muslim: Sunni,Other,"",Jola,7,6,5,1,7,6,2,1,1,2,1,1,6,6,6,2,1,7,7,2,6,7,5,6,4,1,7,4,5,6,6,2,1,6,1,6,1,2,2,7,6,6,7,6,2,7,7,7,7,7,7
GMB115,Gambia,35,Male,Lower middle,1,Muslim: Sunni,Unmarried,Senior Secondary School,Mandinka,7,7,7,6,7,7,4,2,2,2,4,1,6,6,6,5,6,6,6,6,6,7,5,6,6,2,6,6,6,6,5,2,2,2,2,6,4,2,2,6,6,6,6,6,3,7,7,3,7,7,7
GMB116,Gambia,55,Male,Middle,2,Muslim: Sunni,Married,"",Fula,6,6,6,6,6,6,6,,6,2,2,5,6,6,6,5,3,6,6,6,6,6,6,6,6,1,6,6,6,6,6,6,6,6,6,6,7,6,1,7,7,6,6,5,5,7,7,7,5,7,7
GMB117,Gambia,70,Male,Lower middle,1,Muslim: Sunni,Other,"",Fula,6,6,5,6,7,7,7,2,2,2,5,4,6,6,6,2,6,6,6,6,6,6,6,6,6,2,6,5,5,6,6,4,2,5,1,6,5,5,3,7,6,6,6,6,7,7,7,6,4,7,7
GMB118,Gambia,,Male,Middle,2,Muslim: Sunni,Unmarried,Primary Teacher Certificate (PTC),Mandinka,7,6,7,6,6,7,5,2,2,2,5,1,2,6,6,6,2,6,7,7,6,7,6,6,6,2,6,6,7,6,7,6,1,6,1,6,1,7,1,7,7,7,7,6,4,7,7,6,5,7,7
GMB119,Gambia,37,Male,Upper,4,Christian: Protestant,Married,Senior Secondary School,Jola,7,7,7,6,7,7,7,6,2,6,6,5,6,6,6,6,7,7,7,7,7,7,7,7,7,2,7,6,7,7,7,2,5,7,2,7,6,7,1,7,7,7,7,7,1,7,5,6,6,7,7
GMB120,Gambia,32,Male,Middle,2,Muslim: Sunni,Married,Bachelor's Degree in Political Science,Fula,6,4,4,6,6,6,2,2,2,2,2,2,7,7,7,5,5,5,5,5,6,5,5,5,4,4,5,5,5,5,5,3,2,4,3,5,3,5,3,6,5,5,5,6,6,6,7,7,6,6,6
GMB121,Gambia,48,Male,Middle,2,Muslim: Sunni,Married,High School,Fula,6,7,2,6,6,6,6,6,6,6,5,5,6,6,7,6,7,7,6,6,5,6,6,6,6,6,7,5,2,6,6,6,2,7,2,2,2,6,1,7,6,7,7,7,1,5,7,5,7,5,5
GMB122,Gambia,31,Male,Middle,2,Muslim: Sunni,Unmarried,University Degree,Mandinka,7,7,7,7,7,,3,5,5,5,5,5,7,6,6,7,7,1,7,7,7,7,7,7,5,7,1,4,7,7,1,4,4,7,1,7,5,7,7,5,6,6,6,6,6,7,7,7,7,7,7
GMB123,Gambia,56,Female,Middle,2,Muslim: Sunni,Married,Tertiary Education,Jola,7,7,4,4,4,4,4,4,4,5,5,5,6,6,6,5,5,1,7,7,7,7,7,7,6,1,6,4,5,5,5,4,4,1,1,7,1,7,7,5,5,5,5,5,5,7,7,7,7,7,7
GMB124,Gambia,34,Male,Lower middle,1,Muslim: Sunni,Unmarried,BSc (Hons) Management,Fula,6,6,6,5,5,5,5,5,5,5,5,5,7,7,7,7,7,7,7,1,7,7,7,7,7,1,7,5,6,6,6,4,4,1,1,6,1,5,1,7,7,7,7,7,7,7,7,7,7,7,7
GMB125,Gambia,41,Male,Middle,2,Muslim: Sunni,Married,University Degree,Mandinka,,5,5,2,4,4,4,4,4,4,4,4,7,7,7,7,5,5,7,1,7,7,7,7,7,1,7,5,6,5,5,4,4,1,1,5,5,7,7,7,7,7,7,7,7,7,7,7,7,7,7
GMB126,Gambia,28,Male,Middle,2,Christian: Protestant,Married,Advance Diploma,Manjago,6,6,6,6,6,7,2,2,1,1,1,1,7,5,6,6,6,6,5,6,6,6,6,6,5,2,6,6,6,6,6,3,2,6,2,5,2,3,2,6,2,6,6,6,6,3,7,4,2,3,3
GMB127,Gambia,50,Male,Upper,4,Muslim: Sunni,Married,Diploma,Jola,7,7,7,7,7,7,6,4,4,1,5,5,7,7,7,1,1,1,7,7,6,6,5,6,5,5,3,7,7,4,5,1,1,6,1,7,1,1,7,3,5,6,6,6,1,7,7,7,5,7,7
GMB128,Gambia,45,Male,Lower middle,1,Muslim: Sunni,Married,High School-Islamic Education,Mandinka,6,6,6,6,6,6,5,5,4,5,5,5,7,7,7,7,7,7,7,1,7,7,7,7,7,5,7,6,6,7,7,4,4,2,2,7,2,6,1,7,7,7,7,7,7,7,7,7,7,7,7
GMB129,Gambia,64,Male,Middle,2,Muslim: Sunni,Married,Tertiary Education,Mandinka,5,5,4,5,6,6,5,4,4,4,5,6,7,7,7,5,2,2,7,7,7,7,7,7,5,5,6,6,6,7,7,4,6,1,1,7,2,7,7,7,7,7,7,7,7,7,7,7,7,7,7
GMB130,Gambia,29,Male,Middle,2,"",Married,WASSCE,Mandinka,7,7,,7,7,7,1,1,1,1,1,1,7,7,7,5,6,5,7,7,7,7,6,6,6,3,6,5,5,6,5,2,1,3,1,5,1,7,1,7,6,6,6,7,7,7,7,7,6,7,7
GMB131,Gambia,37,Male,Middle,2,Muslim: Sunni,Married,Diploma in Management,Jola,6,5,4,5,5,5,2,2,2,2,2,2,6,6,5,4,5,4,5,6,5,5,5,6,5,6,5,5,5,6,5,3,3,4,3,5,3,6,2,7,7,7,7,6,6,7,7,7,6,7,7
GMB132,Gambia,23,Female,Lower middle,1,Muslim: Sunni,Unmarried,Advance Diploma in Management,Mandinka,6,5,4,6,6,6,2,2,2,2,2,2,5,5,5,4,4,4,5,5,6,6,5,5,5,3,5,4,3,5,5,2,2,3,2,5,4,3,3,6,6,6,6,7,7,7,7,7,6,7,7
GMB133,Gambia,24,Male,Middle,2,Muslim: Sunni,Unmarried,WASSCE,Wollof,6,5,3,5,6,6,2,2,2,2,2,2,6,6,6,5,5,5,6,6,5,7,6,6,6,4,3,3,3,4,4,2,1,,2,4,2,6,3,7,7,7,7,7,7,7,7,7,7,7,7
GMB134,Gambia,39,Male,Middle,2,Muslim: Sunni,Married,"",Mandinka,7,7,7,7,7,7,5,1,1,1,1,1,7,7,7,1,1,1,7,7,7,7,6,7,7,,7,6,7,7,7,6,4,5,1,6,1,7,1,7,7,7,7,7,7,7,7,7,3,7,7
GMB135,Gambia,23,Male,Lower middle,1,Muslim: Sunni,Unmarried,Secondary School,Mandinka,6,4,6,4,6,6,2,2,4,2,2,2,6,4,6,7,6,7,6,6,6,6,6,7,6,2,6,7,6,6,4,4,4,6,2,6,1,2,6,6,6,6,4,4,2,3,7,7,6,3,3
GMB136,Gambia,32,Female,Middle,2,Muslim: Sunni,"",Hotel School,Mandinka,7,7,2,7,7,7,1,1,1,1,1,1,1,2,2,2,2,2,7,1,7,7,6,5,6,1,7,7,7,7,7,7,7,7,1,7,1,5,2,7,6,7,7,6,7,7,7,7,7,7,7
GMB137,Gambia,35,Male,Middle,2,Muslim: Sunni,"","","",4,4,4,4,4,4,4,4,4,4,4,4,6,6,6,7,7,6,7,2,6,6,7,7,7,4,4,4,4,4,4,4,4,4,4,4,4,6,2,7,7,7,7,7,7,7,7,7,7,7,7
GMB138,Gambia,26,Female,Middle,2,Muslim: Sunni,Married,"",Mandinka,4,2,3,5,4,4,4,4,4,5,5,5,4,6,5,4,5,1,7,7,7,5,7,7,7,2,6,4,5,6,4,4,4,2,2,6,7,7,7,2,3,3,4,7,4,,,,,,
GMB139,Gambia,40,Female,Middle,2,Muslim: Sunni,Married,Chartered Banker,Wollof,7,7,7,7,7,7,6,4,,5,5,5,7,,7,7,6,6,7,7,7,7,6,6,5,6,2,6,6,3,6,6,5,6,5,6,6,4,3,7,7,7,7,7,7,4,7,7,7,4,4
GMB140,Gambia,31,Male,Middle,2,Muslim: Sunni,Unmarried,Bachelors in Education,Fula,6,7,4,5,6,7,4,2,1,1,1,1,7,7,7,4,7,4,6,7,6,6,6,6,5,1,7,6,5,6,6,2,1,5,1,6,1,1,4,7,7,7,7,7,7,4,7,7,7,4,4
GMB141,Gambia,70,Male,Upper middle,3,Muslim: Sunni,Married,Secondary  Four,"",6,6,6,4,5,7,7,6,6,2,5,2,4,7,6,5,6,1,2,5,6,5,7,,7,1,3,6,5,7,5,6,5,3,1,7,3,2,2,6,6,6,6,3,4,4,7,5,6,4,4
GMB142,Gambia,47,Female,Middle,2,Christian: Catholic,Married,Diploma,Manjago,7,7,7,7,7,7,4,4,4,4,4,4,6,4,5,1,2,2,6,7,6,6,6,6,6,4,4,5,7,7,7,7,5,7,4,6,4,6,4,7,7,7,7,7,7,7,7,7,6,7,7
GMB143,Gambia,,"","",,"","","","",,,,,,,,,,,,,,,,,,,,,,,,,,,,,,,,,,,,,,,,,,,,,,,,,,,
GMB144,Gambia,31,Male,Lower middle,1,Christian: Other,Unmarried,Bachelors Degree,Jola,7,7,2,7,7,7,1,1,1,1,2,1,7,6,6,6,6,6,7,7,7,6,6,6,5,1,6,5,6,5,4,2,2,2,1,5,1,6,1,7,7,7,7,7,5,4,7,7,4,4,4
GMB145,Gambia,36,Male,Middle,2,Muslim: Sunni,Married,College,Seroe,7,7,7,6,6,6,4,4,3,2,1,2,1,1,3,1,3,3,4,5,2,6,3,6,4,7,1,6,4,5,6,4,2,6,2,6,2,6,2,6,5,6,7,7,4,4,6,4,5,4,4
GMB146,Gambia,32,Female,Upper middle,3,Muslim: Sunni,Married,University,Jola,1,1,1,1,1,1,2,2,2,1,1,1,1,3,1,1,1,3,2,7,1,1,2,1,1,2,1,3,1,2,1,1,1,2,2,1,1,1,6,1,1,1,3,3,3,6,7,7,7,6,6
GMB147,Gambia,30,Female,Middle,2,Muslim: Sunni,Married,BSc,Jola,5,6,4,5,6,7,5,1,1,1,2,4,7,5,5,2,2,2,7,1,6,6,5,5,6,,,,,,,,,,,,,4,6,6,6,6,6,7,7,3,7,7,7,3,3
GMB148,Gambia,31,Male,Lower middle,1,Christian: Other,Unmarried,BSc,Koroninka/Jola,7,7,4,7,7,7,5,1,1,1,4,2,7,6,6,6,7,5,7,7,7,6,6,7,6,1,6,3,6,7,6,5,1,5,1,6,1,7,1,7,7,7,7,7,6,4,7,7,4,4,4
GMB149,Gambia,28,Male,Lower middle,1,Muslim: Sunni,Unmarried,Certificate,Mandinka,6,,4,4,6,2,6,2,2,4,,,2,,,4,,2,7,7,7,7,7,7,7,2,7,,6,7,,6,6,2,2,2,2,6,2,7,7,7,7,7,7,3,7,7,4,3,3
GMB150,Gambia,39,Male,Middle,2,Muslim: Sunni,Married,Diplomat,Jola,7,7,7,7,7,7,1,1,1,1,1,1,7,7,7,4,4,4,7,7,7,7,7,7,7,1,7,7,4,7,7,7,7,7,1,7,1,7,7,7,7,7,7,7,3,6,6,6,6,6,6
GMB151,Gambia,37,Male,"",,Muslim: Sunni,Married,College,Fula,7,7,6,5,4,5,6,6,5,6,5,1,1,3,6,3,6,5,7,2,6,7,6,6,2,3,7,5,1,6,7,5,1,1,2,1,2,4,1,7,6,7,,4,4,2,7,5,6,2,2
GMB152,Gambia,42,Male,Middle,2,Muslim: Sunni,Married,Secondary level,Serr,6,6,6,6,6,4,6,5,,5,,2,4,2,5,4,5,5,6,6,6,6,6,6,1,2,6,5,2,6,6,6,2,2,2,2,2,4,2,6,6,6,6,4,4,3,7,6,5,3,3
GMB153,Gambia,37,Male,Middle,2,Muslim: Sunni,Married,BSc,Fula,7,7,7,6,7,7,6,2,3,2,5,2,7,7,6,4,4,4,7,4,6,6,6,7,6,1,6,6,7,5,4,1,1,1,3,6,1,5,1,6,7,7,7,7,2,7,7,7,7,7,7
GMB154,Gambia,22,Female,Middle,2,Muslim: Sunni,Unmarried,University of the Gambia,Jola,7,7,4,6,6,6,4,4,1,1,5,4,6,6,6,7,7,7,6,6,7,6,6,6,4,1,7,4,7,4,7,2,4,2,4,1,1,7,4,7,7,7,7,7,6,6,5,5,6,6,6
GMB155,Gambia,25,Female,Middle,2,Muslim: Sunni,Unmarried,University,Mandinka,7,7,4,1,6,7,3,1,1,1,1,1,6,7,6,7,7,7,6,6,6,2,6,7,5,1,7,,2,7,7,4,1,1,1,7,2,7,4,7,7,7,7,7,7,7,7,7,7,7,7
GMB156,Gambia,36,Male,Middle,2,Muslim: Sunni,Married,Diploma 2 Business Administration,Wollof,7,7,6,6,6,6,6,5,5,6,6,,7,7,7,2,2,2,7,7,7,7,7,7,5,2,6,6,6,6,6,5,2,6,4,6,6,4,1,7,7,7,7,3,6,6,6,4,4,6,6
GMB157,Gambia,21,Male,"",,"","","","",5,5,5,6,7,7,2,2,2,2,3,3,6,6,5,5,5,5,6,6,7,5,6,5,2,6,5,4,5,6,5,6,6,6,5,5,6,5,2,6,6,6,7,4,7,4,6,6,6,4,4
GMB158,Gambia,46,Female,Lower middle,1,Muslim: Sunni,Married,Masters in Sociology,Sarahula,7,6,6,7,6,6,1,1,1,2,3,1,7,5,6,3,6,2,7,1,6,4,5,3,2,1,7,6,5,6,4,4,5,6,1,6,1,6,7,7,6,7,6,3,4,7,7,7,6,7,7
GMB159,Gambia,49,Male,Middle,2,Muslim: Sunni,Unmarried,Post Graduate Diploma,Fula,6,7,2,6,6,6,6,6,6,6,5,5,6,6,7,6,7,7,6,6,5,6,6,6,6,6,7,5,2,6,6,6,2,7,2,6,2,6,1,7,6,7,7,7,1,5,7,5,7,5,5
GMB160,Gambia,41,Male,Middle,2,Muslim: Sunni,Married,Tertiary Education,Mandinka,6,5,5,6,6,6,5,5,5,5,5,5,5,5,5,5,1,1,7,7,7,7,7,7,7,1,1,4,4,5,4,4,5,1,1,5,1,1,7,5,5,5,5,5,5,7,7,7,7,7,7
GMB161,Gambia,41,Female,Middle,2,Muslim: Sunni,Married,Tertiary,Mandinka,3,1,1,5,5,5,5,1,1,1,1,1,6,5,5,6,1,1,7,7,7,7,7,7,7,6,5,4,,1,5,7,4,7,7,7,5,2,1,5,5,5,5,5,5,5,7,6,5,5,5
GMB162,Gambia,39,Male,Middle,2,Muslim: Sunni,Married,University Degree,Fula,5,5,3,5,5,1,4,4,5,4,4,4,6,5,5,5,1,4,7,7,7,7,7,7,5,1,1,3,1,1,7,4,5,1,1,5,5,7,7,5,5,5,5,5,5,7,7,7,7,7,7
GMB163,Gambia,,Female,Middle,2,Muslim: Sunni,Unmarried,High School Certificate,Fula,6,5,4,5,4,6,2,1,2,5,2,2,6,6,6,5,4,5,6,7,6,6,6,6,6,1,7,6,4,6,6,2,2,3,1,3,2,6,1,7,6,6,7,7,7,7,7,4,3,7,7
GMB164,Gambia,20,Male,Middle,2,Muslim: Sunni,Unmarried,High School Certificate,Wollof,7,7,6,7,6,7,4,2,2,2,4,3,5,4,6,4,4,3,6,7,7,4,6,7,5,4,6,4,5,6,6,4,2,6,5,5,2,7,1,7,7,7,7,7,7,3,7,7,7,3,3
GMB165,Gambia,24,Female,Upper middle,3,Muslim: Sunni,Married,Senior Secondary School,Mandinka,7,7,7,6,5,5,1,1,2,2,1,1,7,7,7,1,1,1,7,6,5,6,7,3,2,1,7,7,7,7,7,7,7,7,7,7,7,7,1,7,7,7,7,6,5,7,7,6,7,7,7
GMB166,Gambia,47,Male,Middle,2,Muslim: Sunni,Married,WASSCE,Wollof,6,5,4,6,6,6,2,2,2,3,3,3,6,6,6,6,6,6,5,5,4,5,5,5,5,2,7,6,5,6,6,6,5,3,1,4,2,7,1,7,7,7,7,6,6,7,7,7,7,7,7
GMB167,Gambia,26,Male,Upper middle,3,Muslim: Sunni,Unmarried,University,Sarahula,7,6,5,6,7,7,4,4,4,2,2,2,7,2,2,2,2,2,7,2,7,5,7,4,3,1,7,6,6,7,2,2,5,6,7,5,1,7,1,6,7,7,7,7,7,7,7,7,7,7,7
GMB168,Gambia,65,Male,Upper,4,Muslim: Sunni,Married,Islamic Traditional School,Fula,7,7,7,7,6,6,3,2,1,2,3,2,7,6,7,1,3,1,7,7,7,3,6,6,4,1,7,6,7,7,4,5,6,7,1,6,1,7,7,7,4,7,7,1,4,7,6,4,7,7,7
GMB169,Gambia,,Male,Upper middle,3,Muslim: Sunni,Unmarried,Senior Secondary School,Jola,7,7,5,7,7,7,3,3,2,3,3,3,7,3,4,2,7,6,7,2,7,5,7,3,1,2,7,6,7,4,3,3,2,1,1,1,1,7,2,7,7,6,7,5,5,7,7,6,4,7,7
GMB170,Gambia,35,Female,Upper middle,3,Muslim: Sunni,Married,None,Mandinka,7,7,7,7,6,6,3,2,1,1,4,3,7,2,4,6,7,7,7,3,6,2,6,7,6,1,7,7,7,6,7,4,5,6,1,7,7,7,2,7,6,7,7,1,6,7,6,6,7,7,7
GMB171,Gambia,49,Male,Middle,2,Muslim: Sunni,Married,High School,Mandinka,4,3,3,4,5,4,6,5,2,4,3,2,4,6,2,7,2,6,6,7,7,7,7,7,7,6,4,7,7,3,6,4,5,2,,7,1,2,1,4,3,4,5,6,3,6,7,7,7,6,6
GMB172,Gambia,27,Male,Lower middle,1,Muslim: Sunni,"",Tertiary Education,Jola,5,1,1,1,1,1,5,1,1,1,1,1,7,5,5,5,5,1,7,7,7,7,7,7,7,,6,7,7,7,7,7,7,7,7,1,1,7,6,7,7,7,7,7,7,7,7,7,7,7,7
GMB173,Gambia,34,Male,Middle,2,Muslim: Sunni,Married,Graduate Diploma,Fula,6,,3,6,6,6,6,6,6,6,5,5,6,6,7,6,7,7,6,6,5,6,6,6,6,6,7,5,2,6,6,6,2,7,2,6,2,6,1,7,6,7,7,7,1,5,7,5,7,5,5
GMB174,Gambia,48,Male,Middle,2,Muslim: Sunni,Married,Diploma,Mandinka,6,7,2,6,6,6,6,6,6,6,5,5,6,6,7,6,7,7,6,6,5,6,6,6,6,6,7,5,4,6,6,6,2,7,2,6,2,6,1,7,6,7,7,7,1,5,7,5,7,5,5
GMB175,Gambia,69,Male,Middle,2,Muslim: Sunni,Married,University Degree,Mandinka,5,2,2,4,5,5,4,2,4,6,6,6,6,7,6,6,6,6,7,1,7,7,7,7,7,1,5,4,4,7,6,4,6,1,1,6,2,1,1,3,5,5,5,5,5,5,7,2,5,5,5
GMB176,Gambia,,Male,Middle,2,Muslim: Sunni,Married,University Degree,Wollof,7,7,1,7,6,7,2,4,4,5,5,5,7,5,5,1,1,1,7,1,7,7,7,7,7,1,7,6,6,5,7,4,4,1,5,7,5,1,7,5,5,5,5,5,5,7,7,7,7,7,7
GMB177,Gambia,45,Male,Middle,2,Muslim: Sunni,Married,Tertiary Education,Balanta,7,7,1,6,6,6,4,7,7,5,5,5,5,5,5,5,5,5,7,1,7,7,7,7,,1,7,5,4,7,4,4,4,1,1,5,1,5,7,5,5,5,5,5,5,2,3,4,3,2,2
GMB178,Gambia,22,Male,Middle,2,Muslim: Sunni,Unmarried,BSC,Mandinka,5,4,5,5,6,6,4,3,3,2,2,2,4,6,6,7,7,6,4,6,5,4,4,4,5,4,4,5,6,4,6,5,4,5,4,4,5,4,4,6,6,4,4,6,4,4,7,7,6,4,4
GMB179,Gambia,59,Male,Middle,2,Christian: Catholic,Married,BSC,Majanko,7,7,4,2,2,7,5,2,2,4,4,4,5,5,5,1,5,1,7,1,7,7,7,7,7,1,7,4,4,7,7,4,4,1,1,7,4,7,7,7,7,7,7,7,7,7,7,7,7,7,7
GMB180,Gambia,54,Male,Middle,2,Muslim: Sunni,Married,Tertiary Education,Mandinka,5,5,5,5,5,5,4,4,4,4,4,4,5,5,5,1,1,1,7,1,7,7,7,7,7,5,5,5,4,5,5,4,4,1,1,4,4,1,7,6,6,5,5,5,5,5,7,7,7,5,5
GMB181,Gambia,26,Female,Middle,2,Muslim: Sunni,Unmarried,Advance Diploma in Business Studies,Mandinka,6,6,4,6,6,5,1,1,,2,2,2,7,3,5,2,3,4,7,7,7,6,6,5,4,1,7,5,5,4,6,2,2,4,2,6,2,6,2,1,6,6,6,6,6,5,7,7,6,5,5
GMB182,Gambia,20,Male,Middle,2,"",Unmarried,WASSCE examination certificate,Wollof,6,7,3,5,6,6,2,1,2,2,1,1,6,6,5,7,6,6,5,6,6,4,5,6,5,6,2,5,4,5,5,3,3,6,3,6,6,6,2,7,6,6,5,4,6,4,3,5,6,4,4
GMB183,Gambia,28,Male,Upper middle,3,Muslim: Sunni,Married,Secondary School,Serere,7,7,6,7,6,5,1,2,2,1,2,2,7,2,6,5,3,3,7,5,5,2,1,6,1,1,7,6,7,6,4,6,7,6,1,7,6,4,7,7,7,7,6,1,2,7,7,6,7,7,7
GMB184,Gambia,62,Male,Upper middle,3,Muslim: Sunni,Married,Masters in Economics,Fula,7,7,6,,6,7,1,1,1,2,2,1,7,7,6,3,2,4,7,6,5,7,7,5,6,1,7,7,6,7,4,4,5,6,1,6,1,4,7,5,6,7,7,2,2,7,7,7,7,7,7
GMB185,Gambia,28,Female,Middle,2,Muslim: Sunni,Unmarried,Certificate Level,Jola,6,5,2,6,5,7,2,,1,1,2,2,7,5,6,1,2,2,7,6,6,6,5,7,6,2,6,,3,5,6,4,2,1,7,1,2,2,2,7,6,6,,6,5,4,7,7,1,4,4
GMB186,Gambia,24,Female,Middle,2,Muslim: Sunni,Unmarried,Diploma,Jola,7,7,6,6,7,7,2,2,1,1,1,2,7,7,6,7,5,2,7,7,7,7,6,5,7,1,7,4,3,6,6,6,5,7,6,1,1,2,4,4,6,7,6,5,6,7,7,1,4,7,7
GMB187,Gambia,24,Male,Middle,2,Muslim: Sunni,Unmarried,College,Wollof,7,6,6,6,6,7,4,2,2,1,1,1,6,7,7,7,3,6,6,4,7,6,7,7,6,1,2,5,6,6,7,6,3,7,4,7,5,4,2,6,7,7,7,7,7,7,7,7,7,7,7
GMB188,Gambia,35,Female,Middle,2,Muslim: Sunni,Married,Secondary School,Serer,7,7,2,7,7,6,,1,1,1,1,4,7,7,6,6,1,1,7,7,7,1,6,6,5,1,7,7,6,7,6,2,1,6,1,6,2,4,4,6,7,7,6,6,6,7,7,7,7,7,7
GMB189,Gambia,51,Male,Lower middle,1,Muslim: Sunni,Married,University,Fula,6,4,4,1,6,4,,1,,4,1,6,6,6,6,,4,7,7,1,7,3,3,7,5,1,6,6,6,6,6,6,1,6,6,6,6,6,7,6,6,6,6,6,6,7,7,7,7,7,7
GMB190,Gambia,53,Male,Upper middle,3,Muslim: Sunni,Married,College Certificate,Fula,7,7,7,7,7,6,2,1,1,2,2,2,6,2,4,6,7,6,7,6,5,7,7,6,7,1,7,7,7,7,6,7,7,7,1,7,1,7,2,7,7,7,7,4,4,7,7,7,7,7,7
GMB191,Gambia,18,Female,Upper,4,Muslim: Sunni,Unmarried,Senior Secondary School,Wollof,7,6,,6,6,5,6,2,2,2,5,,1,7,7,6,5,7,2,2,7,7,6,6,6,1,7,6,7,6,,6,2,6,6,2,6,7,3,7,2,6,7,6,2,2,6,2,2,2,2
GMB192,Gambia,21,Male,Lower middle,1,Christian: Catholic,Unmarried,Senior Secondary School,Balanta,6,4,6,7,7,6,4,6,2,4,4,6,4,6,7,7,1,2,4,7,6,1,6,7,4,2,7,4,6,6,4,2,4,1,4,4,4,7,4,1,6,7,7,7,4,4,7,7,7,4,4
GMB193,Gambia,30,Male,Lower middle,1,Muslim: Other,Unmarried,Higher Teacher Certificate (HTC),Karonika,7,7,6,6,7,7,1,2,1,2,5,2,6,6,6,6,6,6,7,7,5,6,6,6,6,6,2,6,2,2,2,6,6,6,2,6,2,3,3,6,6,6,6,6,7,7,7,6,5,7,7
GMB194,Gambia,26,"",Middle,2,Muslim: Sunni,Married,Bachelor,Fuluni,7,7,4,4,7,7,7,7,4,4,1,4,7,7,7,1,2,1,7,1,7,7,1,4,6,1,7,7,7,7,7,4,4,7,1,7,1,1,1,4,4,4,4,4,1,7,7,7,7,7,7
GMB195,Gambia,30,Male,Lower middle,1,Muslim: Other,Unmarried,College (HTC),Karonika,7,7,6,6,7,7,1,2,1,2,5,2,6,6,6,6,6,6,7,7,5,6,6,6,6,6,2,6,2,2,2,6,6,6,2,6,2,3,3,6,6,6,6,6,7,7,7,6,5,7,7
GMB196,Gambia,32,Male,Middle,2,Muslim: Sunni,Married,BSC,Wollof,6,7,5,6,7,7,7,2,1,2,2,3,2,7,4,6,3,2,7,7,6,7,5,6,5,6,7,4,7,7,6,4,2,4,2,2,2,7,2,7,5,7,7,6,7,7,7,6,5,7,7
GMB197,Gambia,40,Male,Middle,2,Muslim: Sunni,Married,HTC,Wollof,6,6,5,6,7,7,1,2,2,2,2,1,7,5,5,7,6,5,7,6,6,7,6,7,,3,7,6,4,7,7,2,1,5,1,6,1,2,3,6,6,7,6,7,6,7,7,6,5,7,7
GMB198,Gambia,31,Male,Middle,2,Muslim: Sunni,Unmarried,Bachelor Degree,Serer,6,4,5,7,7,7,6,5,5,6,6,4,7,7,7,6,1,7,5,6,7,4,7,7,7,1,7,7,4,7,7,5,7,7,4,7,4,2,4,6,5,6,7,7,6,7,7,7,7,7,7
GMB199,Gambia,25,Male,Lower middle,1,Muslim: Sunni,Unmarried,University,Fula,4,2,1,4,4,7,4,1,4,1,1,1,7,7,7,7,7,7,7,7,1,1,2,7,,5,2,5,4,4,5,,6,6,6,4,4,4,4,7,4,6,5,5,5,2,5,7,7,2,2
GMB200,Gambia,24,Male,Middle,2,Muslim: Sunni,Unmarried,Diploma,Jola,7,6,6,7,7,7,6,4,6,2,6,6,7,7,7,2,2,1,7,1,7,7,7,7,4,1,6,2,1,4,4,2,1,4,1,4,1,7,4,7,7,7,7,7,7,7,7,7,7,7,7
GMB201,Gambia,29,Male,Middle,2,Muslim: Sunni,Unmarried,BSC,Mandinka,6,6,6,6,6,6,5,4,2,2,2,2,7,6,6,7,5,7,7,7,7,7,7,7,7,2,6,6,6,6,6,6,6,2,2,6,6,7,1,7,7,7,7,7,7,1,7,7,7,1,1
GMB202,Gambia,24,Female,Middle,2,Muslim: Sunni,Unmarried,Higher Diploma,Jola,7,6,2,6,2,6,4,1,1,1,2,4,1,6,6,4,6,4,7,7,6,6,6,6,4,2,6,4,6,6,4,4,2,6,1,6,1,1,1,7,6,6,6,3,6,2,7,7,7,2,2
GMB203,Gambia,49,Male,Middle,2,Muslim: Sunni,Married,Degree in Islamic Studies,Fula,6,6,6,6,6,6,5,5,5,5,5,5,7,7,7,7,7,7,7,1,7,7,7,7,7,1,7,6,6,6,6,4,5,1,1,7,1,1,1,5,5,5,5,5,5,7,7,7,7,7,7
GMB204,Gambia,25,Male,Middle,2,Muslim: Sunni,Married,University Degree,Fula,6,6,6,6,6,6,5,5,5,5,5,5,7,7,7,7,7,7,7,1,7,7,7,7,6,3,6,4,4,6,5,2,2,2,2,2,2,7,1,7,7,7,7,7,7,7,7,7,7,7,7
GMB205,Gambia,39,Male,Middle,2,Muslim: Sunni,Married,University,Fula,5,4,5,6,6,6,2,1,1,2,4,2,1,6,6,1,2,1,1,7,6,6,7,6,6,1,5,6,6,6,5,4,1,2,1,5,1,1,5,5,5,6,6,7,1,7,7,7,7,7,7
GMB206,Gambia,28,Male,Middle,2,Muslim: Sunni,Unmarried,College,Karonika,6,3,6,6,6,7,7,4,6,4,5,5,6,7,7,1,2,2,6,7,6,6,5,6,5,1,7,6,6,7,7,5,2,7,1,7,1,1,5,6,6,6,6,6,2,7,7,7,6,7,7
GMB207,Gambia,22,Female,"",,Muslim: Sunni,Married,Senior Secondary School,Fula,7,7,6,6,6,7,1,1,2,2,5,2,2,6,6,7,1,2,7,7,6,7,7,7,7,1,2,5,6,7,6,6,6,6,2,6,2,6,2,7,7,6,7,6,5,7,7,7,7,7,7
GMB208,Gambia,36,Male,Upper middle,3,Muslim: Sunni,Married,Senior Secondary School,Mandinka,6,7,5,1,6,7,2,1,2,2,5,5,6,5,6,2,6,2,6,6,6,7,6,6,7,6,2,7,6,6,7,2,1,6,1,6,2,7,2,6,5,6,7,6,6,7,7,6,7,7,7
GMB209,Gambia,30,Male,Upper middle,3,Muslim: Sunni,Unmarried,Higher Teacher Certificate (HTC),Mandinka,7,6,5,1,7,6,7,1,1,1,5,5,7,7,7,5,6,4,7,7,6,7,6,6,7,6,3,7,7,6,4,1,2,6,1,6,1,7,7,5,6,7,6,7,7,7,7,6,4,7,7
GMB210,Gambia,45,Male,Upper middle,3,Muslim: Sunni,Married,MSC,Mandinka,6,6,6,3,6,7,7,2,2,5,2,5,6,7,7,6,5,6,6,6,6,7,5,6,5,1,6,7,7,7,7,3,4,6,2,7,7,6,1,6,6,6,7,7,7,7,7,7,5,7,7
GMB211,Gambia,43,Male,Middle,2,Muslim: Sunni,Married,Masters Degree,Mandinka,7,6,5,6,7,7,2,1,1,2,5,2,6,6,6,,6,6,6,6,5,6,6,6,5,2,6,5,7,7,6,2,1,6,2,6,5,6,1,7,6,6,7,7,6,7,7,7,5,7,7
GMB212,Gambia,61,Male,Upper middle,3,Muslim: Sunni,Unmarried,Informal Education (Madrasa),Mandinka,7,5,3,5,6,6,2,1,1,2,5,3,6,6,6,2,6,2,6,3,6,7,6,6,6,5,6,6,6,7,5,2,3,6,1,6,2,7,7,6,7,6,6,7,6,7,7,5,4,7,7
GMB213,Gambia,27,Male,Lower middle,1,Muslim: Sunni,"",Tertiary Education,Wollof,6,6,6,5,6,6,5,5,4,5,5,5,7,7,7,7,5,5,7,1,7,7,7,7,7,4,7,6,6,7,7,4,4,2,2,4,2,6,1,7,7,7,7,7,7,7,7,7,7,7,7
GMB214,Gambia,27,Male,Lower middle,1,Muslim: Sunni,Married,Tertiary Education,Mandinka,6,6,6,6,6,6,6,6,6,6,6,6,7,7,7,7,7,7,7,1,7,7,7,7,7,1,7,6,6,6,6,6,6,1,1,5,1,7,1,7,7,7,7,7,7,7,7,7,7,7,7
GMB215,Gambia,30,Male,Middle,2,Muslim: Sunni,Married,Udergraduate,Jola,7,7,5,7,7,7,3,1,,3,5,3,7,6,7,4,5,1,7,7,7,7,6,7,7,3,4,5,4,7,7,3,2,5,,7,5,1,1,7,7,7,7,7,7,7,7,5,7,7,7
GMB216,Gambia,41,Male,Upper middle,3,Muslim: Sunni,Married,Post Graduate,Serere,6,2,2,2,3,3,2,2,2,5,5,5,6,6,6,7,7,3,7,7,6,7,7,7,7,2,6,7,6,7,7,6,5,6,2,6,6,7,4,7,7,7,7,7,7,1,7,7,4,1,1
GMB217,Gambia,24,Female,Middle,2,Muslim: Sunni,Unmarried,HTC,Jola,7,6,4,4,6,6,4,3,3,3,2,2,6,6,6,2,3,4,6,6,5,5,6,5,5,1,6,5,5,6,5,5,4,3,2,5,1,6,2,7,6,6,6,5,6,3,7,5,6,3,3
GMB218,Gambia,23,Male,Middle,2,Muslim: Other,Unmarried,College (HWD),Mandinka,7,6,5,1,5,6,4,2,1,2,2,2,5,7,6,5,7,6,6,7,6,7,5,6,5,1,6,6,6,7,5,3,2,6,1,6,1,6,1,7,6,6,7,6,7,7,7,6,5,7,7
GMB219,Gambia,29,Male,Middle,2,Muslim: Sunni,Married,Higher Teacher Certificate (HTC),Jola,6,5,6,3,6,5,3,,4,3,2,4,7,7,5,4,6,6,3,6,5,6,6,6,6,2,6,6,5,6,5,3,4,6,5,6,4,6,7,6,6,6,6,6,6,3,5,3,4,3,3
GMB220,Gambia,26,Male,Middle,2,Muslim: Sunni,Unmarried,Higher Teacher Certificate (HTC),Mandinka,7,7,5,5,6,6,6,6,6,5,5,5,7,7,7,5,2,1,7,1,6,7,7,7,7,5,2,6,7,2,6,2,2,7,6,5,2,6,1,7,7,7,7,7,7,7,7,7,7,7,7
GMB221,Gambia,27,Male,Middle,2,Muslim: Sunni,Unmarried,PTC,Mandinka,4,4,6,3,3,2,2,4,4,3,3,3,6,4,7,4,6,6,6,1,4,6,5,4,4,2,1,1,4,4,4,4,4,1,1,4,4,1,1,7,7,7,7,7,4,7,7,6,5,7,7
GMB222,Gambia,27,Male,Middle,2,Muslim: Sunni,Unmarried,College,Sarehuli,5,7,,6,7,6,7,6,5,7,6,7,7,6,7,7,6,4,7,7,4,5,,7,7,6,7,6,,5,6,5,6,6,4,6,4,1,7,5,5,3,,3,2,7,7,7,,7,7
GMB223,Gambia,27,Male,Lower middle,1,Muslim: Sunni,Unmarried,College,Jola,7,7,7,4,6,6,7,6,4,4,3,3,3,3,4,4,6,5,6,7,4,2,7,7,5,2,6,4,3,6,6,5,2,2,7,6,2,6,1,7,7,7,7,7,7,7,7,7,7,7,7
GMB224,Gambia,50,Female,Lower middle,1,Muslim: Sunni,Married,Junior Secondary,Fula,7,7,5,6,7,7,7,2,5,2,3,2,6,6,5,4,7,3,6,6,7,7,6,7,6,6,7,7,5,4,4,7,4,7,2,5,1,1,1,7,6,7,7,7,7,1,7,3,7,1,1
GMB225,Gambia,40,Male,Lower middle,1,Muslim: Sunni,Married,Higher Teacher Certificate (HTC),Mandinka,7,7,6,6,2,7,1,1,1,6,1,1,7,6,5,1,1,1,7,7,4,7,7,7,7,1,7,6,6,7,7,1,7,1,1,1,7,2,1,7,7,6,7,7,7,1,7,7,7,1,1
GMB226,Gambia,21,Female,Middle,2,Muslim: Sunni,Unmarried,Tertiary level,Hausa,7,7,4,6,6,6,7,2,1,1,4,4,7,6,7,6,4,4,6,7,7,4,6,6,2,1,7,4,6,4,4,4,2,6,2,4,2,7,2,7,7,7,7,7,4,5,5,5,5,5,5
GMB227,Gambia,23,Male,Middle,2,Muslim: Sunni,Unmarried,"",Serer,6,6,2,6,6,6,3,2,2,6,6,2,6,6,6,5,7,6,4,6,2,4,6,6,6,6,6,7,7,2,6,2,4,6,2,5,2,6,2,6,6,2,6,6,6,5,7,7,5,5,5
GMB228,Gambia,21,Female,Lower middle,1,Muslim: Sunni,Unmarried,Senior School Graduation,Mandinka,7,7,4,7,6,6,1,1,1,1,1,1,1,6,5,7,7,7,7,7,7,6,7,7,6,1,7,4,6,7,7,6,3,2,1,1,1,5,6,7,7,7,7,7,7,6,7,6,7,6,6
GMB229,Gambia,21,Male,Middle,2,Muslim: Sunni,Unmarried,WASSCE,Mandinka,5,5,5,6,7,7,2,2,2,2,3,3,6,6,5,5,5,5,6,6,7,5,6,5,2,6,5,4,5,6,5,5,6,6,5,5,6,5,2,6,6,6,7,4,7,4,,7,6,4,4
GMB230,Gambia,33,Female,Upper middle,3,Christian: Protestant,Married,BSC,Alsu,7,7,5,6,7,6,1,1,1,1,2,1,7,5,6,5,7,2,6,5,6,4,6,5,2,6,1,6,7,5,4,5,3,6,1,6,1,1,7,5,6,7,5,6,7,7,7,6,3,7,7
GMB231,Gambia,47,Male,Upper middle,3,Muslim: Sunni,Married,Islamic School,Wollof,7,7,7,5,6,7,2,1,1,1,2,2,7,4,5,3,2,4,7,6,7,3,2,5,4,1,7,6,7,7,6,6,5,7,1,7,1,7,6,6,7,7,6,2,1,7,7,6,3,7,7
GMB232,Gambia,51,Male,Middle,2,Muslim: Sunni,Married,HTC/HNC,Mandinka,6,7,2,3,6,4,6,5,1,2,6,2,7,6,5,7,6,2,6,1,6,4,6,6,7,2,7,6,4,6,6,4,4,7,7,6,2,6,3,6,5,5,5,6,4,2,7,2,7,2,2
GMB233,Gambia,31,Male,Lower middle,1,Muslim: Sunni,Unmarried,Secondary School,Mandinka,7,4,4,7,6,7,5,2,1,2,2,2,7,7,7,2,4,4,6,7,7,6,6,7,7,5,2,7,6,4,5,6,3,7,1,4,1,7,2,6,6,7,7,7,7,1,7,4,7,1,1
GMB234,Gambia,29,Male,Lower middle,1,Muslim: Sunni,Unmarried,Senior Secondary,Wollof,7,6,4,6,6,7,5,2,2,2,2,2,5,6,5,4,6,5,6,6,7,7,6,7,7,2,6,7,6,3,2,7,2,4,1,6,1,6,4,7,6,7,6,7,7,2,7,4,7,2,2
GMB235,Gambia,59,Female,Middle,2,Muslim: Sunni,Married,College,Jola,7,6,1,2,2,7,7,6,6,5,1,1,6,7,6,7,7,3,7,1,7,5,6,6,5,2,5,7,6,6,5,6,5,5,3,3,3,5,2,5,5,6,5,6,2,2,7,1,7,2,2
GMB236,Gambia,31,Male,Lower middle,1,Muslim: Sunni,Married,High School Level,Mandinka,7,6,5,6,6,6,2,2,2,2,2,2,6,6,6,2,5,2,7,7,6,6,6,7,5,2,2,6,5,6,6,2,2,5,2,2,2,4,2,6,6,6,6,6,4,2,7,3,7,2,2
GMB237,Gambia,22,Female,Middle,2,Christian: Catholic,Unmarried,BsSc of Accounting,Chris Aku,6,5,,6,5,5,2,5,5,6,4,4,4,4,6,1,6,2,7,6,5,7,7,6,6,1,7,6,6,6,6,1,1,2,2,1,1,4,2,6,6,5,6,6,6,3,6,3,5,3,3
